{
  "accuracy": 0.5,
  "evasive": {
    "f1-score": 0.6666666666666666,
    "precision": 0.5,
    "recall": 1.0,
    "support": 10.0
  },
  "macro avg": {
    "f1-score": 0.3333333333333333,
    "precision": 0.25,
    "recall": 0.5,
    "support": 20.0
  },
  "non_evasive": {
    "f1-score": 0.0,
    "precision": 0.0,
    "recall": 0.0,
    "support": 10.0
  },
  "weighted avg": {
    "f1-score": 0.3333333333333333,
    "precision": 0.25,
    "recall": 0.5,
    "support": 20.0
  }
}
