{
  "accuracy": 0.630005977286312,
  "direct": {
    "f1-score": 0.6646562123039808,
    "precision": 0.7037037037037037,
    "recall": 0.6297142857142857,
    "support": 1750.0
  },
  "fully_evasive": {
    "f1-score": 0.36666666666666664,
    "precision": 0.2796610169491525,
    "recall": 0.532258064516129,
    "support": 124.0
  },
  "intermediate": {
    "f1-score": 0.623342175066313,
    "precision": 0.6088082901554405,
    "recall": 0.6385869565217391,
    "support": 1472.0
  },
  "macro avg": {
    "f1-score": 0.5515550180123201,
    "precision": 0.5307243369360989,
    "recall": 0.6001864355840513,
    "support": 3346.0
  },
  "weighted avg": {
    "f1-score": 0.6354377525093382,
    "precision": 0.6462418561542095,
    "recall": 0.630005977286312,
    "support": 3346.0
  }
}
