{
  "accuracy": 0.6359832635983264,
  "direct": {
    "f1-score": 0.6639511201629328,
    "precision": 0.6763485477178424,
    "recall": 0.652,
    "support": 1750.0
  },
  "fully_evasive": {
    "f1-score": 0.3333333333333333,
    "precision": 0.8125,
    "recall": 0.20967741935483872,
    "support": 124.0
  },
  "intermediate": {
    "f1-score": 0.6202000645369474,
    "precision": 0.5906576521204672,
    "recall": 0.6528532608695652,
    "support": 1472.0
  },
  "macro avg": {
    "f1-score": 0.5391615060110712,
    "precision": 0.6931687332794366,
    "recall": 0.5048435600748014,
    "support": 3346.0
  },
  "weighted avg": {
    "f1-score": 0.6324513713738351,
    "precision": 0.6436963605581446,
    "recall": 0.6359832635983264,
    "support": 3346.0
  }
}
