{
  "accuracy": 0.6309025702331141,
  "direct": {
    "f1-score": 0.6694535682293222,
    "precision": 0.7010631644777986,
    "recall": 0.6405714285714286,
    "support": 1750.0
  },
  "fully_evasive": {
    "f1-score": 0.3688760806916426,
    "precision": 0.28699551569506726,
    "recall": 0.5161290322580645,
    "support": 124.0
  },
  "intermediate": {
    "f1-score": 0.6181575433911882,
    "precision": 0.6076115485564304,
    "recall": 0.6290760869565217,
    "support": 1472.0
  },
  "macro avg": {
    "f1-score": 0.5521623974373844,
    "precision": 0.5318900762430988,
    "recall": 0.5952588492620049,
    "support": 3346.0
  },
  "weighted avg": {
    "f1-score": 0.6357478428807252,
    "precision": 0.6446061510034076,
    "recall": 0.6309025702331141,
    "support": 3346.0
  }
}
