{
  "accuracy": 0.6389719067543336,
  "direct": {
    "f1-score": 0.6811881188118812,
    "precision": 0.6745098039215687,
    "recall": 0.688,
    "support": 1750.0
  },
  "fully_evasive": {
    "f1-score": 0.34234234234234234,
    "precision": 0.3877551020408163,
    "recall": 0.3064516129032258,
    "support": 124.0
  },
  "intermediate": {
    "f1-score": 0.6105621805792164,
    "precision": 0.6124401913875598,
    "recall": 0.6086956521739131,
    "support": 1472.0
  },
  "macro avg": {
    "f1-score": 0.54469754724448,
    "precision": 0.5582350324499816,
    "recall": 0.5343824216923796,
    "support": 3346.0
  },
  "weighted avg": {
    "f1-score": 0.6375604268331887,
    "precision": 0.6365767337831124,
    "recall": 0.6389719067543336,
    "support": 3346.0
  }
}
