{
  "accuracy": 0.6389719067543336,
  "f1_macro": 0.54469754724448,
  "precision_macro": 0.5582350324499816,
  "recall_macro": 0.5343824216923796
}
