{
  "accuracy": 0.6440526001195457,
  "direct": {
    "f1-score": 0.6818693693693694,
    "precision": 0.672031076581576,
    "recall": 0.692,
    "support": 1750.0
  },
  "fully_evasive": {
    "f1-score": 0.18705035971223022,
    "precision": 0.8666666666666667,
    "recall": 0.10483870967741936,
    "support": 124.0
  },
  "intermediate": {
    "f1-score": 0.6204598467177608,
    "precision": 0.6088947024198823,
    "recall": 0.6324728260869565,
    "support": 1472.0
  },
  "macro avg": {
    "f1-score": 0.49645985859978675,
    "precision": 0.7158641485560416,
    "recall": 0.47643717858812523,
    "support": 3346.0
  },
  "weighted avg": {
    "f1-score": 0.6365159998114934,
    "precision": 0.6514686349810197,
    "recall": 0.6440526001195457,
    "support": 3346.0
  }
}
