{
  "accuracy": 0.6440526001195457,
  "f1_macro": 0.49645985859978675,
  "precision_macro": 0.7158641485560416,
  "recall_macro": 0.47643717858812523
}
