{
  "accuracy": 0.6410639569635386,
  "direct": {
    "f1-score": 0.669181659895531,
    "precision": 0.6798349056603774,
    "recall": 0.6588571428571428,
    "support": 1750.0
  },
  "fully_evasive": {
    "f1-score": 0.2913907284768212,
    "precision": 0.8148148148148148,
    "recall": 0.1774193548387097,
    "support": 124.0
  },
  "intermediate": {
    "f1-score": 0.6268174474959612,
    "precision": 0.5976586568083796,
    "recall": 0.6589673913043478,
    "support": 1472.0
  },
  "macro avg": {
    "f1-score": 0.5291299452894379,
    "precision": 0.6974361257611906,
    "recall": 0.4984146296667335,
    "support": 3346.0
  },
  "weighted avg": {
    "f1-score": 0.6365438248243754,
    "precision": 0.6486854945500993,
    "recall": 0.6410639569635386,
    "support": 3346.0
  }
}
