{
  "feature_names": [
    "in",
    "financial",
    "your",
    "sep",
    "we",
    "information",
    "sep we",
    "not",
    "can",
    "sep that",
    "share",
    "disclose",
    "confidential",
    "and",
    "figures",
    "have",
    "what",
    "is",
    "excellence",
    "performance"
  ],
  "importance_ranking": [
    100,
    74,
    255,
    187,
    222,
    111,
    197,
    140,
    26,
    195,
    201,
    51,
    37,
    7,
    72,
    87,
    232,
    118,
    71,
    154
  ],
  "mean_abs_shap": [
    0.0459445601713858,
    0.04410091108819139,
    0.03829617336576161,
    0.0284000042990391,
    0.02738911327782696,
    0.020266777830053023,
    0.019882506049665506,
    0.014536532562200225,
    0.013658523448313262,
    0.011647684375516103,
    0.011262128510734524,
    0.009462989806527438,
    0.009401877035574897,
    0.007896773464735817,
    0.007360577223293545,
    0.0071048437976378755,
    0.0070568292250123964,
    0.006348554467660113,
    0.005915684381223344,
    0.005403884131903363
  ]
}
