question_type,n_samples,n_errors,error_rate,intermediate_to_fully_evasive,fully_evasive_to_intermediate
multi_part,11541,2883,0.24980504289056407,167,30
other,1499,311,0.2074716477651768,37,2
procedural,1179,289,0.24512298558100085,19,1
factual,1122,288,0.25668449197860965,23,3
opinion,912,207,0.22697368421052633,10,3
yes_no,379,84,0.22163588390501318,10,1
comparison,94,23,0.24468085106382978,1,0
