{
  "accuracy": 0.6368798565451285,
  "f1_macro": 0.5534560368699825,
  "precision_macro": 0.5583817045572469,
  "recall_macro": 0.5493098744406598
}
