{
  "accuracy": 0.6359832635983264,
  "direct": {
    "f1-score": 0.6878022568511553,
    "precision": 0.6490872210953347,
    "recall": 0.7314285714285714,
    "support": 1750.0
  },
  "fully_evasive": {
    "f1-score": 0.2,
    "precision": 0.875,
    "recall": 0.11290322580645161,
    "support": 124.0
  },
  "intermediate": {
    "f1-score": 0.5893992932862191,
    "precision": 0.614138438880707,
    "recall": 0.5665760869565217,
    "support": 1472.0
  },
  "macro avg": {
    "f1-score": 0.4924005167124581,
    "precision": 0.7127418866586805,
    "recall": 0.47030262806384826,
    "support": 3346.0
  },
  "weighted avg": {
    "f1-score": 0.6264344618071835,
    "precision": 0.6420844049459762,
    "recall": 0.6359832635983264,
    "support": 3346.0
  }
}
