{
  "accuracy": 0.6359832635983264,
  "f1_macro": 0.4924005167124581,
  "precision_macro": 0.7127418866586805,
  "recall_macro": 0.47030262806384826
}
