{
  "accuracy": 0.5881649731022116,
  "direct": {
    "f1-score": 0.6498176133402814,
    "precision": 0.5972222222222222,
    "recall": 0.7125714285714285,
    "support": 1750.0
  },
  "fully_evasive": {
    "f1-score": 0.13333333333333333,
    "precision": 0.8181818181818182,
    "recall": 0.07258064516129033,
    "support": 124.0
  },
  "intermediate": {
    "f1-score": 0.5237219566016919,
    "precision": 0.5709703287890938,
    "recall": 0.483695652173913,
    "support": 1472.0
  },
  "macro avg": {
    "f1-score": 0.43562430109176886,
    "precision": 0.6621247897310448,
    "recall": 0.42294924196887734,
    "support": 3346.0
  },
  "weighted avg": {
    "f1-score": 0.5752040875064304,
    "precision": 0.5938618524569577,
    "recall": 0.5881649731022116,
    "support": 3346.0
  }
}
