{
  "accuracy": 0.5881649731022116,
  "f1_macro": 0.43562430109176886,
  "precision_macro": 0.6621247897310448,
  "recall_macro": 0.42294924196887734
}
