{
  "feature_names": [
    "in",
    "have",
    "financial",
    "can",
    "information",
    "not",
    "founded",
    "that",
    "sep that",
    "sell",
    "products",
    "disclose",
    "we",
    "figures",
    "do",
    "do you",
    "ceo",
    "profit",
    "revenue",
    "and"
  ],
  "importance_ranking": [
    100,
    87,
    74,
    26,
    111,
    140,
    83,
    210,
    195,
    184,
    158,
    51,
    222,
    72,
    58,
    59,
    31,
    160,
    176,
    7
  ],
  "mean_abs_shap": [
    0.05411078757097239,
    0.05400505165294617,
    0.04509425050871665,
    0.03228758622161303,
    0.029136703035278853,
    0.026467151023800168,
    0.022956507948210497,
    0.02272082533415742,
    0.02272082533415742,
    0.022680981261142978,
    0.022680981261142978,
    0.021222754861181498,
    0.021146793140750852,
    0.02101872481903129,
    0.02076051511928835,
    0.02076051511928835,
    0.020679080830831458,
    0.020073993191267764,
    0.019717599767834312,
    0.019533829641273096
  ]
}
