{
  "feature_names": [
    "component_1",
    "component_66",
    "component_55",
    "component_76",
    "component_68",
    "component_12",
    "component_71",
    "component_67",
    "component_22",
    "component_64",
    "component_0",
    "component_28",
    "component_72",
    "component_73",
    "component_78",
    "component_79",
    "component_65",
    "component_69",
    "component_70",
    "component_77"
  ],
  "importance_ranking": [
    1,
    66,
    55,
    76,
    68,
    12,
    71,
    67,
    22,
    64,
    0,
    28,
    72,
    73,
    78,
    79,
    65,
    69,
    70,
    77
  ],
  "mean_abs_shap": [
    1.7784144019938464,
    1.434380814687184,
    0.8574240159923676,
    0.5052703167352057,
    0.46711513067837246,
    0.26999624221110713,
    0.23593979609570326,
    0.14403978344584834,
    0.12370829295474993,
    0.055671873524302626,
    0.05215828975628613,
    0.045452434131323854,
    0.0,
    0.0,
    0.0,
    0.0,
    0.0,
    0.0,
    0.0,
    0.0
  ]
}
