{
  "accuracy": 0.6368798565451285,
  "direct": {
    "f1-score": 0.6845637583892618,
    "precision": 0.6703176341730559,
    "recall": 0.6994285714285714,
    "support": 1750.0
  },
  "fully_evasive": {
    "f1-score": 0.37656903765690375,
    "precision": 0.391304347826087,
    "recall": 0.3629032258064516,
    "support": 124.0
  },
  "intermediate": {
    "f1-score": 0.5992353145637818,
    "precision": 0.6135231316725979,
    "recall": 0.5855978260869565,
    "support": 1472.0
  },
  "macro avg": {
    "f1-score": 0.5534560368699825,
    "precision": 0.5583817045572469,
    "recall": 0.5493098744406598,
    "support": 3346.0
  },
  "weighted avg": {
    "f1-score": 0.6356113332004036,
    "precision": 0.6349921245533013,
    "recall": 0.6368798565451285,
    "support": 3346.0
  }
}
