{
  "accuracy": 0.64584578601315,
  "direct": {
    "f1-score": 0.6948509485094851,
    "precision": 0.6608247422680412,
    "recall": 0.7325714285714285,
    "support": 1750.0
  },
  "fully_evasive": {
    "f1-score": 0.2127659574468085,
    "precision": 0.8823529411764706,
    "recall": 0.12096774193548387,
    "support": 124.0
  },
  "intermediate": {
    "f1-score": 0.6039846207619713,
    "precision": 0.6220302375809935,
    "recall": 0.5869565217391305,
    "support": 1472.0
  },
  "macro avg": {
    "f1-score": 0.503867175572755,
    "precision": 0.7217359736751684,
    "recall": 0.480165230748681,
    "support": 3346.0
  },
  "weighted avg": {
    "f1-score": 0.6370106097957636,
    "precision": 0.6519675951566579,
    "recall": 0.64584578601315,
    "support": 3346.0
  }
}
